{
  "adjacency_list": { "1": [{ "start": 1, "end": 2, "cost": 1, "lookup_index": 0, "reverse_flag": false }], "2": [{ "start": 2, "end": 1, "cost": 1, "lookup_index": 0, "reverse_flag": true }, { "start": 2, "end": 3, "cost": 1, "lookup_index": 1, "reverse_flag": false }], "3": [{ "start": 3, "end": 2, "cost": 1, "lookup_index": 1, "reverse_flag": true }, { "start": 3, "end": 4, "cost": 1, "lookup_index": 2, "reverse_flag": false }], "4": [{ "start": 4, "end": 3, "cost": 1, "lookup_index": 2, "reverse_flag": true }, { "start": 4, "end": 5, "cost": 1, "lookup_index": 3, "reverse_flag": false }], "5": [{ "start": 5, "end": 4, "cost": 1, "lookup_index": 3, "reverse_flag": true }] },
  "geometry": {
    "0": [
      [-101.35986328125, 43.34116005412307],
      [-98.6572265625, 44.4808302785626]
    ],
    "1": [
      [-98.6572265625, 44.4808302785626],
      [-95.47119140625, 44.63739123445585]
    ],
    "2": [
      [-95.47119140625, 44.63739123445585],
      [-92.28515625, 42.35854391749705]
    ],
    "3": [
      [-92.28515625, 42.35854391749705],
      [-91.669921875, 40.195659093364654]
    ]
  },
  "properties": { "0": { "_cost": 1, "_id": 1 }, "1": { "_cost": 1, "_id": 2 }, "2": { "_cost": 1, "_id": 3 }, "3": { "_cost": 1, "_id": 4 } },
  "paths": { "1|2": { "start": 1, "end": 2, "cost": 1, "lookup_index": 0, "reverse_flag": false }, "2|1": { "start": 2, "end": 1, "cost": 1, "lookup_index": 0, "reverse_flag": true }, "2|3": { "start": 2, "end": 3, "cost": 1, "lookup_index": 1, "reverse_flag": false }, "3|2": { "start": 3, "end": 2, "cost": 1, "lookup_index": 1, "reverse_flag": true }, "3|4": { "start": 3, "end": 4, "cost": 1, "lookup_index": 2, "reverse_flag": false }, "4|3": { "start": 4, "end": 3, "cost": 1, "lookup_index": 2, "reverse_flag": true }, "4|5": { "start": 4, "end": 5, "cost": 1, "lookup_index": 3, "reverse_flag": false }, "5|4": { "start": 5, "end": 4, "cost": 1, "lookup_index": 3, "reverse_flag": true } },
  "lookup": { "-101.35986328125,43.34116005412307": 1, "-98.6572265625,44.4808302785626": 2, "-95.47119140625,44.63739123445585": 3, "-92.28515625,42.35854391749705": 4, "-91.669921875,40.195659093364654": 5 }
}
